"White-faced whistling-duck, Dendrocygna viduata (U.S. Virgin Islands) (A) LC"
"Black-bellied whistling-duck, Dendrocygna autumnalis LC"
"West Indian whistling-duck, Dendrocygna arborea (Puerto Rico, U.S. Virgin Islands) NT"
"Fulvous whistling-duck, Dendrocygna bicolor LC"
"Emperor goose, Anser canagica NT"
"Snow goose, Anser caerulescens LC"
"Ross's goose, Anser rossii LC"
"Graylag goose, Anser anser (A) LC"
"Greater white-fronted goose, Anser albifrons LC"
"Lesser white-fronted goose, Anser erythropus (A) VU"
"Taiga bean-goose, Anser fabalis LC"
"Tundra bean-goose, Anser serrirostris LC"
"Pink-footed goose, Anser brachyrhynchus (C) LC"
"Brant, Branta bernicla LC"
"Barnacle goose, Branta leucopsis (C) LC"
"Cackling goose, Branta hutchinsii LC"
"Canada goose, Branta canadensis LC"
"Hawaiian goose, Branta sandvicensis (EH) VU"
"Mute swan, Cygnus olor (I) LC"
"Black swan, Cygnus atratus (I) LC"
"Trumpeter swan, Cygnus buccinator LC"
"Tundra swan, Cygnus columbianus LC"
"Whooper swan, Cygnus cygnus LC"
"Egyptian goose, Alopochen aegyptiaca (I) LC"
"Common shelduck, Tadorna tadorna (C) LC"
"Muscovy duck, Cairina moschataLC"
"Wood duck, Aix sponsa LC"
"Baikal teal, Sibirionetta formosa (C) LC"
"Garganey, Spatula querquedula (C) LC"
"Blue-winged teal, Spatula discors LC"
"Cinnamon teal, Spatula cyanoptera LC"
"Northern shoveler, Spatula clypeata LC"
"Gadwall, Mareca strepera LC"
"Falcated duck, Mareca falcata (C) NT"
"Eurasian wigeon, Mareca penelope LC"
"American wigeon, Mareca americana LC"
"Pacific black duck, Anas superciliosa (American Samoa) LC"
"Laysan duck, Anas laysanensis (EH) [note 1] CR"
"Hawaiian duck, Anas wyvilliana (EH) EN"
"Eastern spot-billed duck, Anas zonorhyncha (C) LC"
"Mallard, Anas platyrhynchos LC"
"Mexican duck, Anas diazi (not yet assessed by the IUCN)"
"American black duck, Anas rubripes LC"
"Mottled duck, Anas fulvigula LC"
"White-cheeked pintail, Anas bahamensis (C) LC"
"Northern pintail, Anas acuta LC"
"Green-winged teal, Anas crecca LC"
"Canvasback, Aythya valisineria LC"
"Redhead, Aythya americana LC"
"Common pochard, Aythya ferina VU"
"Ring-necked duck, Aythya collaris LC"
"Tufted duck, Aythya fuligula (A) LC"
"Greater scaup, Aythya marila LC"
"Lesser scaup, Aythya affinis LC"
"Steller's eider, Polysticta stelleri (A) VU"
"Spectacled eider, Somateria fischeri (A) NT"
"King eider, Somateria spectabilis LC"
"Common eider, Somateria mollissima NT"
"Harlequin duck, Histrionicus histrionicus LC"
"Labrador duck, Camptorhynchus labradorius (E) EX"
"Surf scoter, Melanitta perspicillata LC"
"Velvet scoter, Melanitta fusca LC"
"White-winged scoter, Melanitta deglandi LC"
"Stejneger's scoter, Melanitta stejnegeri LC"
"Common scoter, Melanitta nigra LC"
"Black scoter, Melanitta americana NT"
"Long-tailed duck, Clangula hyemalis VU"
"Bufflehead, Bucephala albeola LC"
"Common goldeneye, Bucephala clangula LC"
"Barrow's goldeneye, Bucephala islandica LC"
"Smew, Mergellus albellus (A) LC"
"Hooded merganser, Lophodytes cucullatus LC"
"Common merganser, Mergus merganser LC"
"Red-breasted merganser, Mergus serrator LC"
"Masked duck, Nomonyx dominicus LC"
"Ruddy duck, Oxyura jamaicensis LC"
"Micronesian scrubfowl, Megapodius laperouse"
"Plain chachalaca, Ortalis vetula"
"Mountain quail, Oreortyx pictus LC"
"Northern bobwhite, Colinus virginianus NT"
"Crested bobwhite, Colinus cristatus (U.S. Virgin Islands) (Ex) (I)[14] LC"
"Scaled quail, Callipepla squamata LC"
"California quail, Callipepla californica LC"
"Gambel's quail, Callipepla gambelii LC"
"Montezuma quail, Cyrtonyx montezumae LC"
"Wild turkey, Meleagris gallopavo LC"
"Ruffed grouse, Bonasa umbellus LC"
"Spruce grouse, Canachites canadensis LC"
"Willow ptarmigan, Lagopus lagopus LC"
"Rock ptarmigan, Lagopus muta LC"
"White-tailed ptarmigan, Lagopus leucura LC"
"Greater sage-grouse, Centrocercus urophasianus NT"
"Gunnison sage-grouse, Centrocercus minimus (EM) EN"
"Dusky grouse, Dendragapus obscurus LC"
"Sooty grouse, Dendragapus fuliginosus LC"
"Sharp-tailed grouse, Tympanuchus phasianellus LC"
"Greater prairie-chicken, Tympanuchus cupido (EM) [note 2][15][16] NT"
"Lesser prairie-chicken, Tympanuchus pallidicinctus (EM) VU"
"Gray partridge, Perdix perdix (I) LC"
"Ring-necked pheasant, Phasianus colchicus (I) LC"
"Kalij pheasant, Lophura leucomelanos (I) LC"
"Indian peafowl, Pavo cristatus (I) LC"
"Gray francolin, Ortygornis pondicerianus (I) LC"
"Black francolin, Francolinus francolinus (I) LC"
"Red junglefowl, Gallus gallus (I) (All U.S. territories — AS, GU, MP, PR, VI, UM) LC"
"Himalayan snowcock, Tetraogallus himalayensis (I) LC"
"Chukar, Alectoris chukar (I) LC"
"Erckel's francolin, Pternistis erckelii (I) LC"
"Blue-breasted quail, Synoicus chinensis (Guam) (I) LC"
"Japanese quail, Coturnix japonica (I) NT"
"Least grebe, Tachybaptus dominicus LC"
"Little grebe, Tachybaptus ruficollis (Northern Mariana Islands) (A) LC"
"Pied-billed grebe, Podilymbus podiceps LC"
"Horned grebe, Podiceps auritus VU"
"Red-necked grebe, Podiceps grisegena LC"
"Eared grebe, Podiceps nigricollis LC"
"Western grebe, Aechmophorus occidentalis LC"
"Clark's grebe, Aechmophorus clarkii LC"
"Chestnut-bellied sandgrouse, Pterocles exustus (I) LC"
"Rock pigeon, Columba livia (I) LC"
"Scaly-naped pigeon, Patagioenas squamosa (A) LC"
"White-crowned pigeon, Patagioenas leucocephala NT"
"Red-billed pigeon, Patagioenas flavirostris LC"
"Plain pigeon, Patagioenas inornata (Puerto Rico) NT"
"Band-tailed pigeon, Patagioenas fasciata LC"
European turtle-dove Streptopelia turtur (Single vagrant record in 2001) VU.[17]
"Oriental turtle-dove, Streptopelia orientalis (C) LC"
"Philippine collared-dove, Streptopelia dusumieri (Guam, Northern Mariana Islands) (I) VU"
"Eurasian collared-dove, Streptopelia decaocto (I) LC"
"African collared-dove, Streptopelia roseogrisea (Puerto Rico) (I) LC"
"Spotted dove, Spilopelia chinensis (I) LC"
"Shy ground-dove, Alopecoenas stairi (American Samoa) VU"
"White-throated ground-dove, Alopecoenas xanthonurus (Guam, Northern Mariana Islands) NT"
"Diamond dove, Geopelia cuneata (Puerto Rico) (I) LC"
"Zebra dove, Geopelia striata (I) LC"
"Passenger pigeon, Ectopistes migratorius (E) EX"
"Inca dove, Columbina inca LC"
"Common ground dove, Columbina passerina LC"
"Ruddy ground dove, Columbina talpacoti LC"
"Ruddy quail-dove, Geotrygon montana (A) LC"
"Key West quail-dove, Geotrygon chrysia (C) LC"
"Bridled quail-dove, Geotrygon mystacea (Puerto Rico, U.S. Virgin Islands) (A) VU"
"White-tipped dove, Leptotila verreauxi LC"
"White-winged dove, Zenaida asiatica LC"
"Zenaida dove, Zenaida aurita (A) LC"
"Mourning dove, Zenaida macroura LC"
"Many-colored fruit-dove, Ptilinopus perousii (American Samoa) LC"
"Crimson-crowned fruit-dove, Ptilinopus porphyraceus (American Samoa) LC"
"Mariana fruit-dove, Ptilinopus roseicapilla (Northern Mariana Islands; extirpated from Guam) (ENM) EN"
"Pacific imperial-pigeon, Ducula pacifica (American Samoa) LC"
"Greater ani, Crotophaga major (U.S. Virgin Islands) (A) LC"
"Smooth-billed ani, Crotophaga ani LC"
"Groove-billed ani, Crotophaga sulcirostris LC"
"Greater roadrunner, Geococcyx californianus LC"
"Common cuckoo, Cuculus canorus LC"
"Oriental cuckoo, Cuculus optatus (C) LC"
"Chestnut-winged cuckoo, Clamator coromandus (Guam) (A) LC"
"Dark-billed cuckoo, Coccyzus melacoryphus (A) LC"
"Yellow-billed cuckoo, Coccyzus americanus LC"
"Mangrove cuckoo, Coccyzus minor LC"
"Black-billed cuckoo, Coccyzus erythropthalmus LC"
"Puerto Rican lizard-cuckoo, Coccyzus vielloti (Puerto Rico) (EP) LC"
"Long-tailed koel, Urodynamis tailtensis (American Samoa, U.S. Minor Outlying Islands"
"Lesser nighthawk, Chordeiles acutipennis LC"
"Common nighthawk, Chordeiles minor LC"
"Antillean nighthawk, Chordeiles gundlachii LC"
"Common pauraque, Nyctidromus albicollis LC"
"Common poorwill, Phalaenoptilus nuttallii LC"
"Chuck-will's-widow, Antrostomus carolinensis NT"
"Buff-collared nightjar, Antrostomus ridgwayi LC"
"Eastern whip-poor-will, Antrostomus vociferus NT"
"Mexican whip-poor-will, Antrostomus arizonae LC"
"Puerto Rican nightjar, Antrostomus noctitherus (Puerto Rico) (EP) EN"
"White-tailed nightjar, Hydropsalis cayennensis (Puerto Rico) (A) LC"
"Gray nightjar, Caprimulgus jotaka (A) LC"
"Northern potoo, Nyctibius jamaicensis (Puerto Rico) (A) LC"
"Black swift, Cypseloides niger VU"
"White-collared swift, Streptoprocne zonaris (C) LC"
"Chimney swift, Chaetura pelagica VU"
"Vaux's swift, Chaetura vauxi LC"
"Short-tailed swift, Chaetura brachyura (U.S. Virgin Islands) LC"
White-throated needletail Hirundapus caudacutus (A) LC
"White-rumped swiftlet, Aerodramus spodiopygius (American Samoa) LC"
"Uniform swiftlet, Aerodramus vanikorensis (Guam) LC"
"Mariana swiftlet, Aerodramus bartschi (I) [note 4] EN"
"Caroline Islands swiftlet, Aerodramus inquietus (Guam, Northern Mariana Islands) LC"
"Common swift, Apus apus (A) LC"
"Fork-tailed swift, Apus pacificus (A) LC"
"Alpine swift, Apus melba (Puerto Rico) (A) LC"
"White-throated swift, Aeronautes saxatalis LC"
"Antillean palm-swift, Tachornis phoenicobia (A) LC"
"Mexican violetear, Colibri thalassinus LC"
"Green-breasted mango, Anthracothorax prevostii (C) LC"
"Puerto Rican mango, Anthracothorax aurulentus (Puerto Rico, U.S. Virgin Islands) LC"
"Green mango, Anthracothorax viridis (Puerto Rico) (EP) LC"
"Purple-throated carib, Eulampis jugularis (Puerto Rico, U.S. Virgin Islands) (A) LC"
"Green-throated carib, Eulampis holosericeus (Puerto Rico, U.S. Virgin Islands) LC"
"Rivoli's hummingbird, Eugenes fulgens (Not yet assessed by the IUCN)"
"Plain-capped starthroat, Heliomaster constantii (C) LC"
"Amethyst-throated mountain-gem, Lampornis amethystinus (A) LC"
"Blue-throated mountain-gem, Lampornis clemenciae LC"
"Bahama woodstar, Calliphlox evelynae (A) LC"
"Lucifer hummingbird, Calothorax lucifer LC"
"Ruby-throated hummingbird, Archilochus colubris LC"
"Black-chinned hummingbird, Archilochus alexandri LC"
"Vervain hummingbird, Mellisuga minima (Puerto Rico) (A) LC"
"Anna's hummingbird, Calypte anna LC"
"Costa's hummingbird, Calypte costae LC"
"Calliope hummingbird, Selasphorus calliope LC"
"Rufous hummingbird, Selasphorus rufus NT"
"Allen's hummingbird, Selasphorus sasin LC"
"Broad-tailed hummingbird, Selasphorus platycercus LC"
"Bumblebee hummingbird, Selasphorus heloisa (A) LC"
"Puerto Rican emerald, Riccordia maugeaus (Puerto Rico) (EP) LC"
"Broad-billed hummingbird, Cynanthus latirostris LC"
"White-eared Hummingbird, Basilinna leucotis LC"
"Xantus's hummingbird, Basilinna xantusii (A) LC"
"Antillean crested hummingbird, Orthorhyncus cristatus (Puerto Rico, U.S. Virgin Islands) LC"
"Violet-crowned hummingbird, Ramosomyia violiceps LC"
"Berylline hummingbird, Amazilia beryllina LC"
"Cinnamon hummingbird, Amazilia rutila (A) LC"
"Buff-bellied hummingbird, Amazilia yucatanensis LC"
"Paint-billed crake, Neocrex erythrops (A) LC"
"Spotted rail, Pardirallus maculatus (A) LC"
"Rufous-necked wood-rail, Aramides axillaris (A) LC"
"Ridgway's rail, Rallus obsoletus NT"
"Clapper rail, Rallus crepitans LC"
"King rail, Rallus elegans NT"
"Virginia rail, Rallus limicola LC"
"Corn crake, Crex crex (C) LC"
"Sora, Porzana carolina LC"
"Common gallinule, Gallinula galeata LC"
"Eurasian moorhen, Gallinula chloropus (Guam, Northern Mariana Islands) LC"
"Eurasian coot, Fulica atra (A) LC"
"Hawaiian coot, Fulica alai (EH) VU"
"American coot, Fulica americana LC"
"Purple gallinule, Porphyrio martinicus LC"
"Purple swamphen, Porphyrio porphyrio (I) LC"
"Black-backed swamphen, Porphyrio indicus (American Samoa) (Not yet assessed by the IUCN)"
"Australasian swamphen, Porphyrio melanotus (American Samoa) (Not yet assessed by the IUCN)"
"White-browed crake, Poliolimnas cinereus (formerly Guam) (Ex) LC"
"Yellow rail, Coturnicops noveboracensis LC"
"Yellow-breasted crake, Hapalocrex flaviventer (Puerto Rico) LC"
"Black rail, Laterallus jamaicensis EN"
"Buff-banded rail, Gallirallus philippensis (American Samoa) LC"
"Guam rail, Gallirallus owstoni (Guam, Northern Mariana Islands) (EG / ENM) CR"
"Wake Island rail, Gallirallus wakensis (U.S. Minor Outlying Islands — Wake Island) (EU) (E) EX"
"Laysan rail, Zapornia palmeri (EH) (E) EX"
"Hawaiian rail, Zapornia sandwichensis (EH) (E) EX"
"Spotless crake, Zapornia tabuensis (American Samoa) LC"
"Sungrebe, Heliornis fulica (A) LC"
"Limpkin, Aramus guarauna LC"
"Sandhill crane, Antigone canadensis LC"
"Common crane, Grus grus (C) LC"
"Whooping crane, Grus americana EN"
"Hooded crane, Grus monacha (A) VU"
"Double-striped thick-knee, Burhinus bistriatus (A) LC"
"Black-winged stilt, Himantopus himantopus [note 5] LC"
"Black-necked stilt, Himantopus mexicanus LC"
"American avocet, Recurvirostra americana LC"
"Eurasian oystercatcher, Haematopus ostralegus (A) NT"
"American oystercatcher, Haematopus palliatus LC"
"Black oystercatcher, Haematopus bachmani LC"
"Northern lapwing, Vanellus vanellus (C) NT"
"Masked lapwing, Vanellus miles (American Samoa) (A) LC"
"Black-bellied plover, Pluvialis squatarola LC"
"European golden-plover, Pluvialis apricaria (C) LC"
"American golden-plover, Pluvialis dominica LC"
"Pacific golden-plover, Pluvialis fulva LC"
"Eurasian dotterel, Charadrius morinellus (C) LC"
"Killdeer, Charadrius vociferus LC"
"Common ringed plover, Charadrius hiaticula LC"
"Semipalmated plover, Charadrius semipalmatus LC"
"Piping plover, Charadrius melodus NT"
"Little ringed plover, Charadrius dubius (A) LC"
"Lesser sand-plover, Charadrius mongolus LC"
"Greater sand-plover, Charadrius leschenaultii (A) LC"
"Wilson's plover, Charadrius wilsonia LC"
"Collared plover, Charadrius collaris (A) LC"
"Kentish plover, Charadrius alexandrinus (Guam, Northern Mariana Islands) LC"
"Snowy plover, Charadrius nivosus NT"
"Mountain plover, Charadrius montanus NT"
"Pheasant-tailed jacana, Hydrophasianus chirurgus (Northern Mariana Islands) (A) LC"
"Northern jacana, Jacana spinosa (C) LC"
"Upland sandpiper, Bartramia longicauda LC"
"Bristle-thighed curlew, Numenius tahitiensis NT"
"Whimbrel, Numenius phaeopus LC"
"Little curlew, Numenius minutus (A) LC"
"Eskimo curlew, Numenius borealis (Possibly extinct) CR"
"Long-billed curlew, Numenius americanus LC"
"Far Eastern curlew, Numenius madagascariensis (C) EN"
"Slender-billed curlew, Numenius tenuirostris (A) CR"
"Eurasian curlew, Numenius arquata (C) NT"
"Bar-tailed godwit, Limosa lapponica NT"
"Black-tailed godwit, Limosa limosa NT"
"Hudsonian godwit, Limosa haemastica LC"
"Marbled godwit, Limosa fedoa LC"
"Ruddy turnstone, Arenaria interpres LC"
"Black turnstone, Arenaria melanocephala LC"
"Great knot, Calidris tenuirostris (C) EN"
"Red knot, Calidris canutus LC"
"Surfbird, Calidris virgata LC"
"Ruff, Calidris pugnax LC"
"Broad-billed sandpiper, Limicola falcinellus (C) LC"
"Sharp-tailed sandpiper, Calidris acuminata LC"
"Stilt sandpiper, Calidris himantopus LC"
"Curlew sandpiper, Calidris ferruginea NT"
"Temminck's stint, Calidris temminckii (A) LC"
"Long-toed stint, Calidris subminuta LC"
"Spoon-billed sandpiper, Calidris pygmaea (C) CR"
"Red-necked stint, Calidris ruficollis NT"
"Sanderling, Calidris alba LC"
"Dunlin, Calidris alpina LC"
"Rock sandpiper, Calidris ptilocnemis LC"
"Purple sandpiper, Calidris maritima LC"
"Baird's sandpiper, Calidris bairdii LC"
"Little stint, Calidris minuta (C) LC"
"Least sandpiper, Calidris minutilla LC"
"White-rumped sandpiper, Calidris fuscicollis LC"
"Buff-breasted sandpiper, Calidris subruficollis NT"
"Pectoral sandpiper, Calidris melanotos LC"
"Semipalmated sandpiper, Calidris pusilla NT"
"Western sandpiper, Calidris mauri LC"
"Short-billed dowitcher, Limnodromus griseus LC"
"Long-billed dowitcher, Limnodromus scolopaceus LC"
"Jack snipe, Lymnocryptes minimus (C) LC"
"Eurasian woodcock, Scolopax rusticola (A) LC"
"American woodcock, Scolopax minor LC"
"Latham’s snipe, Gallinago hardwickii (Guam) (A) LC"
"Solitary snipe, Gallinago solitaria (A) LC"
"Pin-tailed snipe, Gallinago stenura (A) LC"
"Common snipe, Gallinago gallinago LC"
"Wilson's snipe, Gallinago delicata LC"
"Swinhoe's snipe, Gallinago megala (Guam, Northern Mariana Islands) LC"
"Terek sandpiper, Xenus cinereus LC"
"Common sandpiper, Actitis hypoleucos LC"
"Spotted sandpiper, Actitis macularius LC"
"Green sandpiper, Tringa ochropus (C) LC"
"Solitary sandpiper, Tringa solitaria LC"
"Gray-tailed tattler, Tringa brevipes NT"
"Wandering tattler, Tringa incana LC"
"Lesser yellowlegs, Tringa flavipes LC"
"Willet, Tringa semipalmata LC"
"Spotted redshank, Tringa erythropus (C) LC"
"Common greenshank, Tringa nebularia LC"
"Greater yellowlegs, Tringa melanoleuca LC"
"Common redshank, Tringa totanus (A) LC"
"Wood sandpiper, Tringa glareola LC"
"Marsh sandpiper, Tringa stagnatilis (A) LC"
"Wilson's phalarope, Phalaropus tricolor LC"
"Red-necked phalarope, Phalaropus lobatus LC"
"Red phalarope, Phalaropus fulicarius LC"
"Oriental pratincole, Glareola maldivarum (A) LC"
"Great skua, Stercorarius skua LC"
"South polar skua, Stercorarius maccormicki LC"
"Pomarine jaeger, Stercorarius pomarinus LC"
"Parasitic jaeger, Stercorarius parasiticus LC"
"Long-tailed jaeger, Stercorarius longicaudus LC"
"Dovekie, Alle alle LC"
"Common murre, Uria aalge LC"
"Thick-billed murre, Uria lomvia LC"
"Razorbill, Alca torda NT"
"Great auk, Pinguinus impennis (E) EX"
"Black guillemot, Cepphus grylle LC"
"Pigeon guillemot, Cepphus columba LC"
"Long-billed murrelet, Brachyramphus perdix (A) NT"
"Marbled murrelet, Brachyramphus marmoratus EN"
"Kittlitz's murrelet, Brachyramphus brevirostris (A) NT"
"Scripps's murrelet, Synthliboramphus scrippsi VU"
"Guadalupe murrelet, Synthliboramphus hypoleucus EN"
"Craveri's murrelet, Synthliboramphus craveri VU"
"Ancient murrelet, Synthliboramphus antiquus LC"
"Japanese murrelet, Synthliboramphus wumizusume (U.S. Minor Outlying Islands) (A) VU"
"Cassin's auklet, Ptychoramphus aleuticus NT"
"Parakeet auklet, Aethia psittacula LC"
"Least auklet, Aethia pusilla LC"
"Whiskered auklet, Aethia pygmaea LC"
"Crested auklet, Aethia cristatella LC"
"Rhinoceros auklet, Cerorhinca monocerata LC"
"Atlantic puffin, Fratercula arctica VU"
"Horned puffin, Fratercula corniculata LC"
"Tufted puffin, Fratercula cirrhata LC"
"Swallow-tailed gull, Creagrus furcatus (A) LC"
"Black-legged kittiwake, Rissa tridactyla VU"
"Red-legged kittiwake, Rissa brevirostris VU"
"Ivory gull, Pagophila eburnea NT"
"Sabine's gull, Xema sabini LC"
"Bonaparte's gull, Chroicocephalus philadelphia LC"
"Silver gull, Chroicocephalus novaehollandiae (U.S. Minor Outlying Islands) (A) LC"
"Gray-hooded gull, Chroicocephalus cirrocephalus (A) LC"
"Black-headed gull, Chroicocephalus ridibundus LC"
"Little gull, Hydrocoloeus minutus LC"
"Ross's gull, Rhodostethia rosea LC"
"Laughing gull, Leucophaeus atricilla LC"
"Franklin's gull, Leucophaeus pipixcan LC"
"Pallas's gull, Ichthyaetus ichthyaetus LC"
"Belcher's gull, Larus belcheri (A) LC"
"Black-tailed gull, Larus crassirostris (C) LC"
"Heermann's gull, Larus heermanni NT"
"Common gull, Larus canus LC"
"Short-billed gull, Larus brachyrhynchus"
"Ring-billed gull, Larus delawarensis LC"
"Western gull, Larus occidentalis LC"
"Yellow-footed gull, Larus livens LC"
"California gull, Larus californicus LC"
"Herring gull, Larus argentatus LC"
"Yellow-legged gull, Larus cachinnans (C) LC"
"Iceland gull, Larus glaucoides LC"
"Lesser black-backed gull, Larus fuscus LC"
"Slaty-backed gull, Larus schistisagus LC"
"Glaucous-winged gull, Larus glaucescens LC"
"Glaucous gull, Larus hyperboreus LC"
"Great black-backed gull, Larus marinus LC"
"Kelp gull, Larus dominicanus (C) LC"
"Brown noddy, Anous stolidus LC"
"Black noddy, Anous minutus LC"
"Blue-gray noddy, Anous ceruleus LC"
"White tern, Gygis alba LC"
"Sooty tern, Onychoprion fuscatus LC"
"Gray-backed tern, Onychoprion lunatus (American Samoa, Northern Mariana Islands, U.S. Minor Outlying Islands) LC"
"Bridled tern, Onychoprion anaethetus LC"
"Aleutian tern, Onychoprion aleuticus VU"
"Little tern, Sternula albifrons (C) LC"
"Least tern, Sternula antillarum LC"
"Large-billed tern, Phaetusa simplex (A) LC"
"Gull-billed tern, Gelochelidon nilotica LC"
"Caspian tern, Hydroprogne caspia LC"
"Black tern, Chlidonias niger LC"
"White-winged tern, Chlidonias leucopterus (C) LC"
"Whiskered tern, Chlidonias hybrida (A) LC"
"Roseate tern, Sterna dougallii LC"
"Black-naped tern, Sterna sumatrana (American Samoa, Guam, Northern Mariana Islands) (A) LC"
"Common tern, Sterna hirundo LC"
"Arctic tern, Sterna paradisaea LC"
"Forster's tern, Sterna forsteri LC"
"Royal tern, Thalasseus maximus LC"
"Great crested tern, Thalasseus bergii (A) LC"
"Sandwich tern, Sterna sandvicensis (A) LC"
"Elegant tern, Thalasseus elegans (A) NT"
"Black skimmer, Rynchops niger (A) LC"
"White-tailed tropicbird, Phaethon lepturus LC"
"Red-billed tropicbird, Phaethon aethereus LC"
"Red-tailed tropicbird, Phaethon rubricauda LC"
"Red-throated loon, Gavia stellata LC"
"Arctic loon, Gavia arctica LC"
"Pacific loon, Gavia pacifica LC"
"Common loon, Gavia immer LC"
"Yellow-billed loon, Gavia adamsii NT"
"Yellow-nosed albatross, Thalassar chlororhynchus (C) LC"
"White-capped albatross, Thalassarche cauta (C) NT"
"Chatham albatross, Thalassarche eremita (A) VU"
"Salvin's albatross, Thalassarche salvini (A) VU"
"Black-browed albatross, Thalassarche melanophris (A) LC"
"Light-mantled albatross, Phoebetria palpebrata (A) NT"
"Wandering albatross, Diomedea exulans (A) VU"
"Laysan albatross, Phoebastria immutabilis NT"
"Black-footed albatross, Phoebastria nigripes NT"
"Short-tailed albatross, Phoebastria albatrus VU"
"Wilson's storm-petrel, Oceanites oceanicus LC"
"White-faced storm-petrel, Pelagodroma marina LC"
"Black-bellied storm-petrel, Fregetta tropica(A) LC"
"Polynesian storm-petrel, Nesofregetta fuliginosa (American Samoa) [note 6] EN"
"European storm-petrel, Hydrobates pelagicus (C) LC"
"Fork-tailed storm-petrel, Hydrobates furcatus LC"
"Ringed storm-petrel, Hydrobates hornbyi (A) NT"
"Swinhoe's storm-petrel, Hydrobates monorhis (A) NT"
"Leach's storm-petrel, Hydrobates leucorhous VU"
"Townsend's storm-petrel, Hydrobates socorroensis EN"
"Ashy storm-petrel, Hydrobates homochroa EN"
"Band-rumped storm-petrel, Hydrobates castro LC"
"Wedge-rumped storm-petrel, Hydrobates tethys (C) LC"
"Black storm-petrel, Hydrobates melania LC"
"Tristram's storm-petrel, Hydrobates tristrami LC"
"Least storm-petrel, Hydrobates microsoma VU"
"Matsudaira's storm-petrel, Oceanodroma matsudairae (Guam, Northern Mariana Islands) VU"
"Northern giant petrel, Macronectes halli (A) LC"
"Northern fulmar, Fulmarus glacialis LC"
"Gray-faced petrel, Pterodroma gouldi (A) LC"
"Providence petrel, Pterodroma solandri (C) VU"
"Kermadec petrel, Pterodroma neglecta (C) LC"
"Trindade petrel, Pterodroma arminjoniana VU"
"Herald petrel, Pterodroma heraldica (C) LC"
"Murphy's petrel, Pterodroma ultima LC"
"Mottled petrel, Pterodroma inexpectata NT"
"Bermuda petrel, Pterodroma cahow EN"
"Black-capped petrel, Pterodroma hasitata EN"
"Juan Fernandez petrel, Pterodroma externa VU"
"Hawaiian petrel, Pterodroma sandwichensis VU"
"White-necked petrel, Pterodroma cervicalis VU"
"Bonin petrel, Pterodroma hypoleuca LC"
"Black-winged petrel, Pterodroma nigripennis LC"
"Fea's petrel, Pterodroma feae NT"
"Zino's petrel, Pterodroma madeira (A) VU"
"Cook's petrel, Pterodroma cookii VU"
"Gould's petrel, Pterodroma leucoptera (American Samoa) VU"
"Collared petrel, Pterodroma brevipes (American Samoa) VU"
"Stejneger's petrel, Pterodroma longirostris (C) VU"
"Phoenix petrel, Pterodroma alba (American Samoa, U.S. Minor Outlying Islands) EN"
"Tahiti petrel, Pseudobulweria rostrata (A) NT"
"Bulwer's petrel, Bulweria bulwerii LC"
"Jouanin's petrel, Bulweria fallax (A) NT"
"White-chinned petrel, Procellaria aequinoctialis (A) VU"
"Parkinson's petrel, Procellaria parkinsoni (A) VU"
"Streaked shearwater, Calonectris leucomelas (C) NT"
"Cory's shearwater, Calonectris diomedea LC"
"Cape Verde shearwater, Calonectris edwardsii (A) NT"
"Wedge-tailed shearwater, Ardenna pacifica LC"
"Buller's shearwater, Ardenna bulleri VU"
"Short-tailed shearwater, Ardenna tenuirostris LC"
"Sooty shearwater, Ardenna grisea NT"
"Great shearwater, Ardenna gravis LC"
"Pink-footed shearwater, Ardenna creatopus VU"
"Flesh-footed shearwater, Ardenna carneipes LC"
"Christmas shearwater, Puffinus nativitatis NT"
"Manx shearwater, Puffinus puffinus LC"
"Townsend's shearwater, Puffinus auricularis CR"
"Newell's shearwater, Puffinus newelli CR"
"Bryan's shearwater, Puffinus bryani (A) CR"
"Black-vented shearwater, Puffinus opisthomelas NT"
"Little shearwater, Puffinus assimilis (U.S. Minor Outlying Islands) LC"
"Audubon's shearwater, Puffinus lherminieri LC"
"Tropical shearwater, Puffinus bailloni (American Samoa, Guam, Northern Mariana Islands, U.S. Minor Outlying Islands) LC"
"Barolo shearwater, Puffinus baroli (A) (Not yet assessed by the IUCN)"
"Jabiru, Jabiru mycteria (C) LC"
"Wood stork, Mycteria americana LC"
"Lesser frigatebird, Fregata ariel (C) LC"
"Magnificent frigatebird, Fregata magnificens LC"
"Great frigatebird, Fregata minor LC"
"Masked booby, Sula dactylatra LC"
"Nazca booby, Sula granti (C) LC"
"Blue-footed booby, Sula nebouxii (C) LC"
"Brown booby, Sula leucogaster LC"
"Red-footed booby, Sula sula LC"
"Abbott's booby, Papasula abbotti (Northern Mariana Islands) (A) EN"
"Northern gannet, Morus bassanus LC"
"Anhinga, Anhinga anhinga LC"
"Little pied cormorant, Microcarbo melanoleucos (Northern Mariana Islands) (A) LC"
"Brandt's cormorant, Urile penicillatus LC"
"Red-faced cormorant, Urile urile LC"
"Pelagic cormorant, Urile pelagicus LC"
"Great cormorant, Phalacrocorax carbo LC"
"Double-crested cormorant, Nannopterum auritum LC"
"Neotropic cormorant, Nannopterum brasilianum LC"
"American white pelican, Pelecanus erythrorhynchos LC"
"Brown pelican, Pelecanus occidentalis LC"
"American bittern, Botaurus lentiginosus LC"
"Yellow bittern, Ixobrychus sinensis (A) LC"
"Cinnamon bittern, Ixobrychus cinnamomeus (Northern Mariana Islands) (A) LC"
"Black bittern, Ixobrychus flavicollis (Guam) (A) LC"
"Least bittern, Ixobrychus exilis LC"
"Bare-throated tiger-heron, Tigrisoma mexicanum (A) LC"
"Great blue heron, Ardea herodias LC"
"Gray heron, Ardea cinerea (A) LC"
"Great egret, Ardea alba LC"
"Intermediate egret, Ardea intermedia (A) LC"
"White-faced heron, Egretta novaehollandiae (American Samoa) (A) LC"
"Chinese egret, Egretta eulophotes (A) VU"
"Little egret, Egretta garzetta (C) LC"
"Western reef-heron, Egretta gularis (A) LC"
"Pacific reef-heron, Egretta sacra (American Samoa, Guam, Northern Mariana Islands) LC"
"Snowy egret, Egretta thula LC"
"Little blue heron, Egretta caerulea LC"
"Tricolored heron, Egretta tricolor LC"
"Reddish egret, Egretta rufescens NT"
"Cattle egret, Bubulcus ibis LC"
"Chinese pond-heron, Ardeola bacchus (A) LC"
"Green heron, Butorides virescens LC"
"Striated heron, Butorides striata (Puerto Rico) (A) LC"
"Black-crowned night-heron, Nycticorax nycticorax LC"
"Nankeen night-heron, Nycticorax caledonicus (Northern Mariana Islands) (A) LC"
"Yellow-crowned night-heron, Nyctanassa violacea LC"
"White ibis, Eudocimus albus LC"
"Scarlet ibis, Eudocimus ruber (A) LC"
"Glossy ibis, Plegadis falcinellus LC"
"White-faced ibis, Plegadis chihi LC"
"Roseate spoonbill, Platalea ajaja LC"
"African sacred ibis, Threskiornis aethiopicus (I) LC"
"California condor, Gymnogyps californianus (Ex)[note 7][18][19][20][21] CR"
"Black vulture, Coragyps atratus LC"
"Turkey vulture, Cathartes aura LC"
"Osprey, Pandion haliaetus LC"
"White-tailed kite, Elanus leucurus LC"
"Hook-billed kite, Chondrohierax uncinatus LC"
"Swallow-tailed kite, Elanoides forficatus LC"
"Golden eagle, Aquila chrysaetos LC"
"Double-toothed kite, Harpagus bidentatus (A) LC"
"Gray-faced buzzard, Butastur indicus (Guam) (A) LC"
"Northern harrier, Circus hudsonius LC"
"Western marsh-harrier, Circus aeruginosus (A) LC"
"Eastern marsh harrier, Circus spilonotus (Northern Mariana Islands) (A) LC"
"Hen harrier, Circus cyaneus (U.S. Minor Outlying Islands) (A) LC"
"Chinese sparrowhawk, Accipiter soloensis (A) LC"
"Sharp-shinned hawk, Accipiter striatus LC"
"Cooper's hawk, Accipiter cooperii LC"
"Northern goshawk, Accipiter gentilis LC"
"Eurasian sparrowhawk, Accipiter nisus (A) LC"
"Black kite, Milvus migrans (A) LC"
"Bald eagle, Haliaeetus leucocephalus LC"
"White-tailed eagle, Haliaeetus albicilla (C) LC"
"Steller's sea-eagle, Haliaeetus pelagicus (C) VU"
"Mississippi kite, Ictinia mississippiensis LC"
"Crane hawk, Geranospiza caerulescens (A) LC"
"Snail kite, Rostrhamus sociabilis LC"
"Common black hawk, Buteogallus anthracinus LC"
"Great black hawk, Buteogallus urubitinga (A) LC"
"Roadside hawk, Rupornis magnirostris (C) LC"
"Harris's hawk, Parabuteo unicinctus LC"
"White-tailed hawk, Geranoaetus albicaudatus LC"
"Gray hawk, Buteo plagiatus LC"
"Red-shouldered hawk, Buteo lineatus LC"
"Broad-winged hawk, Buteo platypterus LC"
"Hawaiian hawk, Buteo solitarius (EH) NT"
"Short-tailed hawk, Buteo brachyurus LC"
"Swainson's hawk, Buteo swainsoni LC"
"Zone-tailed hawk, Buteo albonotatus LC"
"Red-tailed hawk, Buteo jamaicensis LC"
"Rough-legged hawk, Buteo lagopus LC"
"Ferruginous hawk, Buteo regalis LC"
"Long-legged buzzard, Buteo rufinus (A) LC"
"Common buzzard, Buteo buteo (Northern Mariana Islands) LC"
"Eastern buzzard, Buteo japonicus (Northern Mariana Islands) (A) LC"
"Barn owl, Tyto alba LC"
"Oriental scops-owl, Otus sunia (A) LC"
"Flammulated owl, Psiloscops flammeolus LC"
"Puerto Rican owl, Gymnasio nudipes (Puerto Rico) (EP) LC"
"Whiskered screech-owl, Megascops trichopsis LC"
"Western screech-owl, Megascops kennicottii LC"
"Eastern screech-owl, Megascops asio LC"
"Great horned owl, Bubo virginianus LC"
"Snowy owl, Bubo scandiacus VU"
"Northern hawk owl, Surnia ulula LC"
"Northern pygmy-owl, Glaucidium gnoma LC"
"Ferruginous pygmy-owl, Glaucidium brasilianum LC"
"Elf owl, Micrathene whitneyi LC"
"Burrowing owl, Athene cunicularia LC"
"Mottled owl, Strix virgata (A) LC"
"Spotted owl, Strix occidentalis NT"
"Barred owl, Strix varia LC"
"Great gray owl, Strix nebulosa LC"
"Long-eared owl, Asio otus LC"
"Stygian owl, Asio stygius (A) LC"
"Short-eared owl, Asio flammeus LC"
"Boreal owl, Aegolius funereus LC"
"Northern saw-whet owl, Aegolius acadicus LC"
"Northern boobook, Ninox scutulata (A) LC"
"Elegant trogon, Trogon elegans LC"
"Eared quetzal, Euptilotis neoxenus (C) LC"
"Eurasian hoopoe, Upupa epops (A) LC"
"Puerto Rican tody, Todus mexicanus (Puerto Rico) (EP) LC"
"Common kingfisher, Alcedo atthis (Guam) (A) LC"
"Pacific kingfisher, Todiramphus sacer (American Samoa)"
"Guam kingfisher, Todiramphus cinnamominus (Guam) (EG) EW"
"Collared kingfisher, Todiramphus chloris (American Samoa) LC"
"Mariana kingfisher, Todiramphus albicilla (Northern Mariana Islands) (ENM)"
"Ringed kingfisher, Megaceryle torquata LC"
"Belted kingfisher, Megaceryle alcyon LC"
"Amazon kingfisher, Chloroceryle amazona (A) LC"
"Green kingfisher, Chloroceryle americana LC"
"Oriental dollarbird, Eurystomus orientalis (Guam, Northern Mariana Islands) (A) LC"
"Eurasian wryneck, Jynx torquilla (A) LC"
"Lewis's woodpecker, Melanerpes lewis LC"
"Puerto Rican woodpecker, Melanerpes portoricensis (Puerto Rico, extirpated from U.S. Virgin Islands) (EP) LC"
"Red-headed woodpecker, Melanerpes erythrocephalus LC"
"Acorn woodpecker, Melanerpes formicivorus LC"
"Gila woodpecker, Melanerpes uropygialis LC"
"Golden-fronted woodpecker, Melanerpes aurifrons LC"
"Red-bellied woodpecker, Melanerpes carolinus LC"
"Williamson's sapsucker, Sphyrapicus thyroideus LC"
"Yellow-bellied sapsucker, Sphyrapicus varius LC"
"Red-naped sapsucker, Sphyrapicus nuchalis LC"
"Red-breasted sapsucker, Sphyrapicus ruber LC"
"American three-toed woodpecker, Picoides dorsalis LC"
"Black-backed woodpecker, Picoides arcticus LC"
"Great spotted woodpecker, Dendrocopos major (C) LC"
"Downy woodpecker, Dryobates pubescens LC"
"Nuttall's woodpecker, Dryobates nuttallii LC"
"Ladder-backed woodpecker, Dryobates scalaris LC"
"Red-cockaded woodpecker, Dryobates borealis (EM) NT"
"Hairy woodpecker, Dryobates villosus LC"
"White-headed woodpecker, Dryobates albolarvatus LC"
"Arizona woodpecker, Dryobates arizonae LC"
"Northern flicker, Colaptes auratus LC"
"Gilded flicker, Colaptes chrysoides LC"
"Pileated woodpecker, Dryocopus pileatus LC"
"Ivory-billed woodpecker, Campephilus principalis (E?)(Ex?) CR"
"Collared forest-falcon, Micrastur semitorquatus (A) LC"
"Crested caracara, Caracara plancus LC"
"Eurasian kestrel, Falco tinnunculus (C) LC"
"American kestrel, Falco sparverius LC"
"Red-footed falcon, Falco vespertinus (A) NT"
"Amur falcon, Falco amurensis (Northern Mariana Islands) (A) LC"
"Merlin, Falco columbarius LC"
"Eurasian hobby, Falco subbuteo (C) LC"
"Aplomado falcon, Falco femoralis LC"
"Gyrfalcon, Falco rusticolus LC"
"Peregrine falcon, Falco peregrinus LC"
"Prairie falcon, Falco mexicanus LC"
"Tanimbar corella, Cacatua goffiniana (Puerto Rico) (I) LC"
"Sulphur-crested cockatoo, Cacatua galerita (Puerto Rico) (I) LC"
"White cockatoo, Cacatua alba (Puerto Rico) (I) EN"
"Monk parakeet, Myiopsitta monachus (I) LC"
"Carolina parakeet, Conuropsis carolinensis (E) EX"
"Orange-fronted parakeet, Eupsittula canicularis (Puerto Rico) (I) LC"
"Brown-throated parakeet, Eupsittula pertinax (Puerto Rico, U.S. Virgin Islands) (I)(Ex?) LC"
"Nanday parakeet, Aratinga nenday (I) LC"
"Green parakeet, Psittacara holochlorus LC"
"Puerto Rican parakeet, Psittacara maugei (Puerto Rico) (EP) EX"
"Hispaniolan parakeet, Psittacara choloropterus (Puerto Rico) (I) VU"
"Mitred parakeet, Psittacara mitratus (I) LC"
"Red-masked parakeet, Psittacara erythrogenys (Puerto Rico) (I) NT"
"Thick-billed parrot, Rhynchopsitta pachyrhyncha (Ex) EN"
"White-winged parakeet, Brotogeris versicolurus (I) LC"
"Yellow-chevroned parakeet, Brotogeris chiriri (I) LC"
"White-fronted parrot, Amazon albifrons (Puerto Rico) (I) LC"
"Hispaniolan parrot, Amazona ventralis (Puerto Rico, U.S. Virgin Islands) (I) VU"
"Puerto Rican parrot, Amazona vittata (Puerto Rico) (EP) CR"
"Orange-winged parrot, Amazona amazonica (Puerto Rico) (I) LC"
"Red-crowned parrot, Amazona viridigenalis (I) EN"
"Yellow-headed parrot, Amazona oratrix (Puerto Rico) (I) EN"
"Rose-ringed parakeet, Psittacula krameri (I) LC"
"Blue-crowned lorikeet, Vini australis (American Samoa) LC"
"Rosy-faced lovebird, Agapornis roseicollis (I) LC"
"Masked tityra, Tityra semifasciata (A) LC"
"Gray-collared becard, Pachyramphus major (A) LC"
"Rose-throated becard, Pachyramphus aglaiae LC"
"Micronesian myzomela, Myzomela rubratra (Northern Mariana Islands; extirpated from Guam) LC"
"Cardinal myzomela, Myzomela cardinalis (American Samoa, extirpated from Guam) LC"
"Mao, Gymnomyza samoensis (American Samoa) (Ex) EN"
"Eastern wattled-honeyeater, Foulehaio carunculatus (American Samoa) LC"
"Ashy minivet, Pericrocotus divaricatus (Northern Mariana Islands) (A) LC"
"Black drongo, Dicrurus macrocercus (Guam, Northern Mariana Islands) (I) LC"
"Rufous fantail, Rhipidura rufifrons (Guam, Northern Mariana Islands) (Ex) LC"
"Northern beardless-tyrannulet, Camptostoma imberbe LC"
"Greenish elaenia, Myiopagis viridicata (A) LC"
"Small-billed elaenia, Elaenia parvirostris (A) LC"
"Caribbean elaenia, Elaenia martinica (Puerto Rico, U.S. Virgin Islands) LC"
"White-crested elaenia, Elaenia albiceps (A) LC"
"Dusky-capped flycatcher, Myiarchus tuberculifer LC+"
"Ash-throated flycatcher, Myiarchus cinerascens LC"
"Nutting's flycatcher, Myiarchus nuttingi LC"
"Great crested flycatcher, Myiarchus crinitus LC"
"Brown-crested flycatcher, Myiarchus tyrannulus LC"
"La Sagra's flycatcher, Myiarchus sagrae LC"
"Stolid flycatcher, Myiarchus stolidus (U.S. Virgin Islands) (A) LC"
"Puerto Rican flycatcher, Myiarchus antillarum (Puerto Rico) (EP) LC"
"Great kiskadee, Pitangus sulphuratus LC"
"Social flycatcher, Myiozetetes similis (A) LC"
"Sulphur-bellied flycatcher, Myiodynastes luteiventris LC"
"Piratic flycatcher, Legatus leucophaius (C) LC"
"Variegated flycatcher, Empidonomus varius (A) LC"
"Crowned slaty flycatcher, Empidonomus aurantioatrocristatus (A) LC"
"Tropical kingbird, Tyrannus melancholicus LC"
"Couch's kingbird, Tyrannus couchii LC"
"Cassin's kingbird, Tyrannus vociferans LC"
"Thick-billed kingbird, Tyrannus crassirostris LC"
"Western kingbird, Tyrannus verticalis LC"
"Eastern kingbird, Tyrannus tyrannus LC"
"Gray kingbird, Tyrannus dominicensis LC"
"Loggerhead kingbird, Tyrannus caudifasciatus (A) LC"
"Scissor-tailed flycatcher, Tyrannus forficatus LC"
"Fork-tailed flycatcher, Tyrannus savana LC"
"Tufted flycatcher, Mitrephanes phaeocercus (C) LC"
"Olive-sided flycatcher, Contopus cooperi NT"
"Greater pewee, Contopus pertinax LC"
"Western wood-pewee, Contopus sordidulus LC"
"Eastern wood-pewee, Contopus virens LC"
"Cuban pewee, Contopus caribaeus (A) LC"
"Hispaniolan pewee, Contopus hispaniolensis (Puerto Rico) (A) LC"
"Lesser Antillean pewee, Contopus latirostris (Puerto Rico) LC"
"Yellow-bellied flycatcher, Empidonax flaviventris LC"
"Acadian flycatcher, Empidonax virescens LC"
"Alder flycatcher, Empidonax alnorum LC"
"Willow flycatcher, Empidonax traillii LC"
"Least flycatcher, Empidonax minimus LC"
"Hammond's flycatcher, Empidonax hammondii LC"
"Gray flycatcher, Empidonax wrightii LC"
"Dusky flycatcher, Empidonax oberholseri LC"
"Pine flycatcher, Empidonax affinis (A) LC"
"Pacific-slope flycatcher, Empidonax difficilis LC"
"Cordilleran flycatcher, Empidonax occidentalis LC"
"Black phoebe, Sayornis nigricans LC"
"Eastern phoebe, Sayornis phoebe LC"
"Say's phoebe, Sayornis saya LC"
"Vermilion flycatcher, Pyrocephalus rubinus LC"
"Black-capped vireo, Vireo atricapilla NT"
"White-eyed vireo, Vireo griseus LC"
"Thick-billed vireo, Vireo crassirostris (C) LC"
"Cuban vireo, Vireo gundlachii (A) LC"
"Puerto Rican vireo, Vireo latimeri (Puerto Rico) (EP) LC"
"Bell's vireo, Vireo bellii LC"
"Gray vireo, Vireo vicinior LC"
"Hutton's vireo, Vireo huttoni LC"
"Yellow-throated vireo, Vireo flavifrons LC"
"Cassin's vireo, Vireo cassinii LC"
"Blue-headed vireo, Vireo solitarius LC"
"Plumbeous vireo, Vireo plumbeus LC"
"Philadelphia vireo, Vireo philadelphicus LC"
"Warbling vireo, Vireo gilvus LC"
"Red-eyed vireo, Vireo olivaceus LC"
"Yellow-green vireo, Vireo flavoviridis LC"
"Black-whiskered vireo, Vireo altiloquus LC"
"Yucatan vireo, Vireo magister (A) LC"
"Kauai elepaio, Chasiempis sclateri (EH) VU"
"Oahu elepaio, Chasiempis ibidis (EH) EN"
"Hawaii elepaio, Chasiempis sandwichensis (EH) VU"
"Fiji shrikebill, Clytorhynchus vitiensi (American Samoa) LC"
"Tinian monarch, Monarcha takatsukasae (Northern Mariana Islands) (ENM) VU"
"Guam flycatcher, Myiagra freycineti (Guam) (EG) (E) EX"
"Brown shrike, Lanius cristatus (C) LC"
"Red-backed shrike, Lanius collurio (A) LC"
"Loggerhead shrike, Lanius ludovicianus NT"
"Northern shrike, Lanius borealis LC"
"Canada jay, Perisoreus canadensis LC"
"Brown jay, Psilorhinus morio (C) LC"
"Green jay, Cyanocorax yncas LC"
"Pinyon jay, Gymnorhinus cyanocephalus VU"
"Steller's jay, Cyanocitta stelleri LC"
"Blue jay, Cyanocitta cristata LC"
"Florida scrub-jay, Aphelocoma coerulescens (EM) VU"
"Island scrub-jay, Aphelocoma insularis (EM) VU"
"California scrub-jay, Aphelocoma californica (Not yet assessed by the IUCN)"
"Woodhouse's scrub-jay, Aphelocoma woodhouseii (Not yet assessed by the IUCN)"
"Mexican jay, Aphelocoma wollweberi LC"
"Clark's nutcracker, Nucifraga columbiana LC"
"Black-billed magpie, Pica hudsonia LC"
"Yellow-billed magpie, Pica nuttalli (EM) VU"
"Eurasian jackdaw, Corvus monedula (C) LC"
"Mariana crow, Corvus kubaryi (Guam, Northern Mariana Islands) CR"
"American crow, Corvus brachyrhynchos LC"
"White-necked crow, Corvus leucognaphalus (U.S. Minor Outlying Islands, Puerto Rico) (Ex) VU"
"Tamaulipas crow, Corvus imparatus LC"
"Fish crow, Corvus ossifragus (EM) LC"
"Hawaiian crow, Corvus hawaiiensis (EH) EW"
"Chihuahuan raven, Corvus cryptoleucus (A) LC"
"Common raven, Corvus corax LC"
"Verdin, Auriparus flaviceps LC"
"Carolina chickadee, Poecile carolinensis(EM) LC"
"Black-capped chickadee, Poecile atricapillus LC"
"Mountain chickadee, Poecile gambeli LC"
"Mexican chickadee, Poecile sclateri LC"
"Chestnut-backed chickadee, Poecile rufescens LC"
"Boreal chickadee, Poecile hudsonicus LC"
"Gray-headed chickadee, Poecile cinctus LC"
"Bridled titmouse, Baeolophus wollweberi LC"
"Oak titmouse, Baeolophus inornatus LC"
"Juniper titmouse, Baeolophus ridgwayi LC"
"Tufted titmouse, Baeolophus bicolor LC"
"Black-crested titmouse, Baeolophus atricristatus LC"
"Eurasian skylark, Alauda arvensis (see note for occurrence)[note 8][23] LC"
"Horned lark, Eremophila alpestris LC"
"icterine warbler, Hippolais icterina (A)"
"Thick-billed warbler, Arundinax aedon (A) LC"
"Millerbird, Acrocephalus familiaris (EH) CR"
"Sedge warbler, Acrocephalus schoenobaenus (A) LC"
"Blyth's reed warbler, Acrocephalus dumetorum (A) LC"
"Nightingale reed warbler, Acrocephalus luscinius (Guam) (EG) (E) EX"
"Saipan reed warbler, Acrocephalus hiwae (Northern Mariana Islands) (ENM) CR"
"Aguiguan reed warbler, Acrocephalus nijoi (Northern Mariana Islands) (ENM) (E) EX"
"Pagan reed warbler, Acrocephalus yamashinae (Northern Mariana Islands) (ENM) (E) EX"
"Pallas's grasshopper warbler, Helopsaltes certhiola (A) LC"
"Middendorff's grasshopper warbler, Helopsaltes ochotensis (C) LC"
"Lanceolated warbler, Locustella lanceolata (A) LC"
"River warbler, Locustella fluviatilis (A) LC"
"Bank swallow, Riparia riparia LC"
"Tree swallow, Tachycineta bicolor LC"
"Bahama swallow, Tachycineta cyaneoviridis (C) EN"
"Violet-green swallow, Tachycineta thalassina LC"
"Mangrove swallow, Tachycineta albilinea (A) LC"
"Northern rough-winged swallow, Stelgidopteryx serripennis LC"
"Brown-chested martin, Progne tapera (A) LC"
"Purple martin, Progne subis LC"
"Southern martin, Progne elegans (A) LC"
"Gray-breasted martin, Progne chalybea (A) LC"
"Cuban martin, Progne cryptoleuca (A) LC"
"Caribbean martin, Progne dominicensis (Puerto Rico, U.S. Virgin Islands) LC"
"Barn swallow, Hirundo rustica LC"
"Common house-martin, Delichon urbica (C) LC"
"Cliff swallow, Petrochelidon pyrrhonota LC"
"Cave swallow, Petrochelidon fulva LC"
"Bushtit, Psaltriparus minimus LC"
"Japanese bush-warbler, Horornis diphone (I) LC"
"Willow warbler, Phylloscopus trochilus (A) LC"
"Common chiffchaff, Phylloscopus collybita (A) LC"
"Wood warbler, Phylloscopus sibilatrix (A) LC"
"Dusky warbler, Phylloscopus fuscatus (C) LC"
"Pallas's leaf warbler, Phylloscopus proregulus (A) LC"
"Yellow-browed warbler, Phylloscopus inornatus (C) LC"
"Arctic warbler, Phylloscopus borealis LC"
"Kamchatka leaf warbler, Phylloscopus examinandus (A) LC"
"Red-vented bulbul, Pycnonotus cafer (I) LC"
Red-whiskered bulbul Pycnonotus jocosus (I) LC
"Lesser whitethroat, Sylvia curruca (A) LC"
"Wrentit, Chamaea fasciata LC"
"Golden white-eye, Cleptornis marchei (Northern Mariana Islands) (ENM) CR"
"Warbling white-eye, Zosterops japonicus (I) LC"
"Bridled white-eye, Zosterops conspicullatus (Northern Mariana Islands; Extirpated from Guam) (ENM) EN"
"Rota white-eye, Zosterops rotensis (Northern Mariana Islands) (ENM) CR"
"Greater necklaced laughingthrush, Garrulax pectoralis (I) LC"
"Hwamei, Garrulax canorus (I) LC"
"Red-billed leiothrix, Leiothrix lutea (I) LC"
"Ruby-crowned kinglet, Corthylio calendula LC"
"Golden-crowned kinglet, Regulus satrapa LC"
"Bohemian waxwing, Bombycilla garrulus LC"
"Cedar waxwing, Bombycilla cedrorum LC"
"Gray silky-flycatcher, Ptiliogonys cinereus (A) LC"
"Phainopepla, Phainopepla nitens LC"
"Red-breasted nuthatch, Sitta canadensis LC"
"White-breasted nuthatch, Sitta carolinensis LC"
"Pygmy nuthatch, Sitta pygmaea LC"
"Brown-headed nuthatch, Sitta pusilla (EM) LC"
"Brown creeper, Certhia americana LC"
"Blue-gray gnatcatcher, Polioptila caerulea LC"
"Black-tailed gnatcatcher, Polioptila melanura LC"
"California gnatcatcher, Polioptila californica LC"
"Black-capped gnatcatcher, Polioptila nigriceps LC"
"Rock wren, Salpinctes obsoletus LC"
"Canyon wren, Catherpes mexicanus LC"
"House wren, Troglodytes aedon LC"
"Pacific wren, Troglodytes pacificus LC"
"Winter wren, Troglodytes hiemalis LC"
"Sedge wren, Cistothorus platensis LC"
"Marsh wren, Cistothorus palustris LC"
"Carolina wren, Thryothorus ludovicianus LC"
"Bewick's wren, Thryomanes bewickii LC"
"Cactus wren, Campylorhynchus brunneicapillus LC"
"Sinaloa wren, Thryothorus sinaloa (A) LC"
"Blue mockingbird, Melanotis caerulescens (A) LC"
"Gray catbird, Dumetella carolinensis LC"
"Pearly-eyed thrasher, Margarops fuscatus (Puerto Rico) LC"
"Curve-billed thrasher, Toxostoma curvirostre LC"
"Brown thrasher, Toxostoma rufum LC"
"Long-billed thrasher, Toxostoma longirostre LC"
"Bendire's thrasher, Toxostoma bendirei VU"
"California thrasher, Toxostoma redivivum LC"
"LeConte's thrasher, Toxostoma lecontei LC"
"Crissal thrasher, Toxostoma crissale LC"
"Sage thrasher, Oreoscoptes montanus LC"
"Bahama mockingbird, Mimus gundlachii (C) LC"
"Northern mockingbird, Mimus polyglottos LC"
"Micronesian starling, Aplonis opaca (Guam, Northern Mariana Islands) (ENM / EG) LC"
"Polynesian starling, Aplonis tabuensis (American Samoa) LC"
"Samoan starling, Alponis atrifusca (American Samoa) LC"
"European starling, Sturnus vulgaris (I) LC"
"White-cheeked starling, Spodiopsar cineraceus (Northern Mariana Islands) (A) LC"
"Common myna, Acridotheres tristis (I) LC"
"Jungle myna, Acridotheres fuscus (American Samoa) (I) LC"
"American dipper, Cinclus mexicanus LC"
"Eastern bluebird, Sialia sialis LC"
"Western bluebird, Sialia mexicana LC"
"Mountain bluebird, Sialia currucoides LC"
"Townsend's solitaire, Myadestes townsendi LC"
"Brown-backed solitaire, Myadestes occidentalis (A) LC"
"Olomao, Myadestes lanaiensis (EH) CR"
"Omao, Myadestes obscurus (EH) VU"
"Puaiohi, Myadestes palmeri (EH) CR"
"Orange-billed nightingale-thrush, Catharus aurantiirostris (A) LC"
"Black-headed nightingale-thrush, Catharus mexicanus (A) LC"
"Veery, Catharus fuscescens LC"
"Gray-cheeked thrush, Catharus minimus LC"
"Bicknell's thrush, Catharus bicknelli VU"
"Swainson's thrush, Catharus ustulatus LC"
"Hermit thrush, Catharus guttatus LC"
"Wood thrush, Hylocichla mustelina LC"
"Eurasian blackbird, Turdus merula (A) LC"
"Eyebrowed thrush, Turdus obscurus LC"
"Island thrush, Turdus poliocephalus (American Samoa) LC"
"Dusky thrush, Turdus eunomus (C) LC"
"Naumann's thrush, Turdus naumanni (A) LC"
"Fieldfare, Turdus pilaris (C) LC"
"Redwing, Turdus iliacus (C) NT"
"Song thrush, Turdus philomelos (A) LC"
"Clay-colored thrush, Turdus grayi LC"
"White-throated thrush, Turdus assimilis (C) LC"
"Rufous-backed robin, Turdus rufopalliatus LC"
"American robin, Turdus migratorius LC"
"Red-legged thrush, Turdus plumbeus (A) LC"
"Varied thrush, Ixoreus naevius LC"
"Aztec thrush, Ridgwayia pinicola (C) LC"
"Gray-streaked flycatcher, Muscicapa griseisticta (C) LC"
"Asian brown flycatcher, Muscicapa dauurica (A) LC"
"Spotted flycatcher, Muscicapa striata (A) LC"
"Dark-sided flycatcher, Muscicapa sibirica (C) LC"
"White-rumped shama, Copsychus malabaricus (I) LC"
"European robin, Erithacus rubecula (A) LC"
"Siberian blue robin, Larvivora cyane (A) LC"
"Rufous-tailed robin, Larvivora sibilans (A) LC"
"Bluethroat, Cyanecula svecica LC"
"Siberian rubythroat, Calliope calliope LC"
"Red-flanked bluetail, Tarsiger cyanurus (C) LC"
"Narcissus flycatcher, Ficedula narcissina (A) LC"
"Mugimaki flycatcher, Ficedula mugimaki (A) LC"
"Taiga flycatcher, Ficedula albicilla (C) LC"
"Common redstart, Phoenicurus phoenicurus (A) LC"
"Asian stonechat, Saxicola maurus (C) LC"
"Northern wheatear, Oenanthe oenanthe LC"
"Pied wheatear, Oenanthe pleschanka (A) LC"
"Olive warbler, Peucedramus taeniatus LC"
"Northern red bishop, Euplectes franciscanus (Puerto Rico, U.S. Virgin Islands) (I) [note 9] LC"
"Yellow-crowned bishop, Euplectes afer (Puerto Rico) (I) LC"
"Pin-tailed whydah, Vidua macroura (Puerto Rico) (I) LC"
"Bronze mannikin, Spermestes cucullata (Puerto Rico, U.S. Virgin Islands) (I) LC"
"African silverbill, Euodice cantans (I) LC"
"Indian silverbill, Euodice malabarica (I) LC"
"Java sparrow, Padda oryzivora (I) EN"
"Scaly-breasted munia, Lonchura punctulata (I) LC"
"Tricolored munia, Lonchura malacca (I) LC"
"Chestnut munia, Lonchura atricapilla (Guam, Puerto Rico) (I) LC"
"Red avadavat, Amandava amandava (I) LC"
"Lavender waxbill, Glaucestrilda caerulescens (I) LC"
"Common waxbill, Estrilda astrild (I) LC"
"Siberian accentor, Prunella montanella (C) LC"
"House sparrow, Passer domesticus (I) LC"
"Eurasian tree sparrow, Passer montanus (I) LC"
"Western yellow wagtail, Motacilla flava (Northern Mariana Islands) (A) LC"
"Eastern yellow wagtail, Motacilla tschutschensis LC"
"Citrine wagtail, Motacilla citreola (A) LC"
"Gray wagtail, Motacilla cinerea (C) LC"
"White wagtail, Motacilla alba LC"
"Tree pipit, Anthus trivialis (A) LC"
"Olive-backed pipit, Anthus hodgsoni LC"
"Pechora pipit, Anthus gustavi (C) LC"
"Red-throated pipit, Anthus cervinus LC"
"American pipit, Anthus rubescens LC"
"Sprague's pipit, Anthus spragueii VU"
"Common chaffinch, Fringilla coelebs (C) LC"
"Brambling, Fringilla montifringilla LC"
"Antillean euphonia, Chlorophonia musica (Puerto Rico) LC"
"Evening grosbeak, Coccothraustes vespertinus VU"
"Hawfinch, Coccothraustes coccothraustes (C) LC"
"Common rosefinch, Carpodacus erythrinus (C) LC"
"Pallas's rosefinch, Carpodacus roseus (A) LC"
"Akikiki, Oreomystis bairdi (EH) CR"
"Oahu alauahio, Paroreomyza maculata (EH) CR"
"Maui alauahio, Paroreomyza montana (EH) EN"
"Palila, Loxiodes balleui (EH) CR"
"Laysan finch, Telespiza cantans (EH) VU"
"Nihoa finch, Telespiza ultima (EH) CR"
"Akohekohe, Palmeria dolei (EH) CR"
"Apapane, Himatione sanguinea (EH) LC"
"Iiwi, Drepanis coccinea (EH) VU"
"Ou, Psittirostra psittacea (EH) CR"
"Maui parrotbill, Pseudonestor xanthrophrys (EH) CR"
"Kauai nukupuu, Hemignathus hanapepe (EH) CR"
"Maui nukupuu, Hemignathus affinis (EH) CR"
"Akiapolaau, Hemignathus wilsoni (EH) EN"
"Anianiau, Magumma parva (EH) VU"
"Hawaii amakihi, Chlorodrepanis virens (EH) LC"
"Oahu amakihi, Chlorodrepanis flavus (EH) VU"
"Kauai amakihi, Chlorodrepanis stejnegeri (EH) VU"
"Hawaii creeper, Loxops mana (EH) EN"
"Akekee, Loxops caeruleirostris (EH) CR"
"Maui akepa, Loxops ochraceus (EH) CR"
"Hawaii akepa, Loxops coccineus (EH) EN"
"Pine grosbeak, Pinicola enucleator LC"
"Eurasian bullfinch, Pyrrhula pyrrhula (C) LC"
"Asian rosy-finch, Leucosticte arctoa (A) LC"
"Gray-crowned rosy finch, Leucosticte tephrocotis LC"
"Black rosy-finch, Leucosticte atrata (EM) EN"
"Brown-capped rosy-finch, Leucosticte australis (EM) EN"
"House finch, Haemorhous mexicanus [note 10] LC"
"Purple finch, Haemorhous purpureus LC"
"Cassin's finch, Haemorhous cassinii LC'"
"Oriental greenfinch, Chloris sinica (C) LC"
"Yellow-fronted canary, Crithagra mozambica (I) LC"
"Common redpoll, Acanthis flammea LC"
"Hoary redpoll, Acanthis hornemanni (Not yet assessed by the IUCN)"
"Red crossbill, Loxia curvirostra LC"
"Cassia crossbill, Loxia sinesciuris (Not yet assessed by the IUCN)"
"White-winged crossbill, Loxia leucoptera LC"
"Eurasian siskin, Spinus spinus (A) LC"
"Pine siskin, Spinus pinus LC"
"Lesser goldfinch, Spinus psaltria LC"
"Lawrence's goldfinch, Spinus lawrencei LC"
"American goldfinch, Spinus tristis LC"
"Island canary, Serinus canaria (I) LC"
"Red siskin, Spinus cucullata (Puerto Rico) (I) EN"
"Lapland longspur, Calcarius lapponicus LC"
"Chestnut-collared longspur, Calcarius ornatus VU"
"Smith's longspur, Calcarius pictus LC"
"Thick-billed longspur, Rhynchophanes mccownii LC"
"Snow bunting, Plectrophenax nivalis LC"
"McKay's bunting, Plectrophenax hyperboreus (EM)[24] LC"
"Pine bunting, Emberiza leucocephalos (A) LC"
"Yellow-browed bunting, Emberiza chrysophrys (A) LC"
"Little bunting, Emberiza pusilla (C) LC"
"Rustic bunting, Emberiza rustica (A) VU"
"Yellow-throated bunting, Emberiza elegans (A) LC"
"Yellow-breasted bunting, Emberiza aureola (A) CR"
"Gray bunting, Emberiza variabilis (A) LC"
"Pallas's bunting, Emberiza pallasi (A) LC"
"Reed bunting, Emberiza schoeniclus (C) LC"
"Rufous-winged sparrow, Peucaea carpalis LC"
"Botteri's sparrow, Peucaea botterii LC"
"Cassin's sparrow, Peucaea cassinii LC"
"Bachman's sparrow, Peucaea aestivalis (EM) NT"
"Grasshopper sparrow, Ammodramus savannarum LC"
"Olive sparrow, Arremonops rufivirgatus LC"
"Five-striped sparrow, Amphispizopsis quinquestriata LC"
"Black-throated sparrow, Amphispiza bilineata LC"
"Lark sparrow, Chondestes grammacus LC"
"Lark bunting, Calamospiza melanocorys LC"
"Chipping sparrow, Spizella passerina LC"
"Clay-colored sparrow, Spizella pallida LC"
"Black-chinned sparrow, Spizella atrogularis LC"
"Field sparrow, Spizella pusilla LC"
"Brewer's sparrow, Spizella breweri LC"
"Worthen's sparrow, Spizella wortheni (A) EN"
"Fox sparrow, Passerella iliaca LC"
"American tree sparrow, Spizelloides arborea LC"
"Dark-eyed junco, Junco hyemalis LC"
"Yellow-eyed junco, Junco phaeonotus LC"
"White-crowned sparrow, Zonotrichia leucophrys LC"
"Golden-crowned sparrow, Zonotrichia atricapilla LC"
"Harris's sparrow, Zonotrichia querula NT"
"White-throated sparrow, Zonotrichia albicollis LC"
"Sagebrush sparrow, Artemisiospiza nevadensis LC"
"Bell's sparrow, Artemisiospiza belli LC"
"Vesper sparrow, Pooecetes gramineus LC"
"LeConte's sparrow, Ammospiza leconteii LC"
"Seaside sparrow, Ammospiza maritima (EM) LC"
"Nelson's sparrow, Ammospiza nelsoni LC"
"Saltmarsh sparrow, Ammospiza caudacuta (EM) EN"
"Baird's sparrow, Centronyx bairdii LC"
"Henslow's sparrow, Centronyx henslowii LC"
"Savannah sparrow, Passerculus sandwichensis LC"
"Song sparrow, Melospiza melodia LC"
"Lincoln's sparrow, Melospiza lincolnii LC"
"Swamp sparrow, Melospiza georgiana LC"
"Canyon towhee, Melozone fuscus LC"
"Abert's towhee, Melozone aberti LC"
"California towhee, Melozone crissalis LC"
"Rufous-crowned sparrow, Aimophila ruficeps LC"
"Green-tailed towhee, Pipilo chlorurus LC"
"Spotted towhee, Pipilo maculatus LC"
"Eastern towhee, Pipilo erythrophthalmus LC"
"Puerto Rican tanager, Nesospingus speculiferus (Puerto Rico) (EP) LC"
"Western spindalis, Spindalis zena LC"
"Puerto Rican spindalis, Spindalis portoricensis (Puerto Rico) (EP) LC"
"Yellow-breasted chat, Icteria virens LC"
"Yellow-headed blackbird, Xanthocephalus xanthocephalus LC"
"Bobolink, Dolichonyx oryzivorus LC"
"Chihuahuan meadowlark, Sturnella lilianae"
"Eastern meadowlark, Sturnella magna NT"
"Western meadowlark, Sturnella neglecta LC"
"Puerto Rican oriole, Icterus portonicensis (Puerto Rico) (EP) LC"
"Black-vented oriole, Icterus wagleri (A) LC"
"Orchard oriole, Icterus spurius LC"
"Hooded oriole, Icterus cucullatus LC"
"Venezuelan troupial, Icterus icterus (I) (Puerto Rico, U.S. Virgin Islands) (I) [note 11] LC"
"Streak-backed oriole, Icterus pustulatus (C) LC"
"Bullock's oriole, Icterus bullockii LC"
"Spot-breasted oriole, Icterus pectoralis (I) LC"
"Altamira oriole, Icterus gularis LC"
"Audubon's oriole, Icterus graduacauda LC"
"Baltimore oriole, Icterus galbula LC"
"Black-backed oriole, Icterus abeillei (A) LC"
"Scott's oriole, Icterus parisorum LC"
"Red-winged blackbird, Agelaius phoeniceus LC"
"Tricolored blackbird, Agelaius tricolor EN"
"Tawny-shouldered blackbird, Agelaius humeralis (A) LC"
"Yellow-shouldered blackbird, Agelaius xanthomus (Puerto Rico) (EP) EN"
"Shiny cowbird, Molothrus bonariensis LC"
"Bronzed cowbird, Molothrus aeneus LC"
"Brown-headed cowbird, Molothrus ater LC"
"Rusty blackbird, Euphagus carolinus VU"
"Brewer's blackbird, Euphagus cyanocephalus LC"
"Common grackle, Quiscalus quiscula NT"
"Boat-tailed grackle, Quiscalus major (EM) LC"
"Great-tailed grackle, Quiscalus mexicanus (A) LC"
"Greater Antillean grackle, Quiscalus niger (Puerto Rico, U.S. Virgin Islands) LC"
"Ovenbird, Seiurus aurocapilla LC"
"Worm-eating warbler, Helmitheros vermivorum LC"
"Louisiana waterthrush, Parkesia motacilla LC"
"Northern waterthrush, Parkesia noveboracensis LC"
"Bachman's warbler, Vermivora bachmanii CR"
"Golden-winged warbler, Vermivora chrysoptera NT"
"Blue-winged warbler, Vermivora cyanoptera LC"
"Black-and-white warbler, Mniotilta varia LC"
"Prothonotary warbler, Protonotaria citrea LC"
"Swainson's warbler, Limnothlypis swainsonii LC"
"Crescent-chested warbler, Oreothlypis superciliosa (C) LC"
"Tennessee warbler, Leiothlypis peregrina LC"
"Orange-crowned warbler, Leiothlypis celata LC"
"Colima warbler, Leiothlypis crissalis LC"
"Lucy's warbler, Leiothlypis luciae LC"
"Nashville warbler, Leiothlypis ruficapilla LC"
"Virginia's warbler, Leiothlypis virginiae LC"
"Connecticut warbler, Oporornis agilis LC"
"Gray-crowned yellowthroat, Geothlypis poliocephala (C) LC"
"MacGillivray's warbler, Geothlypis tolmiei LC"
"Mourning warbler, Geothlypis philadelphia LC"
"Kentucky warbler, Geothlypis formosa LC"
"Common yellowthroat, Geothlypis trichas LC"
"Elfin-woods warbler, Setophaga angelae (Puerto Rico) (EP) EN"
"Hooded warbler, Setophaga citrina LC"
"American redstart, Setophaga ruticilla LC"
"Kirtland's warbler, Setophaga kirtlandii NT"
"Cape May warbler, Setophaga tigrina LC"
"Cerulean warbler, Setophaga cerulea NT"
"Northern parula, Setophaga americana LC"
"Tropical parula, Setophaga pitiayumi LC"
"Magnolia warbler, Setophaga magnolia LC"
"Bay-breasted warbler, Setophaga castanea LC"
"Blackburnian warbler, Setophaga fusca LC"
"Yellow warbler, Setophaga aestiva LC"
"Chestnut-sided warbler, Setophaga pensylvanica LC"
"Blackpoll warbler, Setophaga striata NT"
"Black-throated blue warbler, Setophaga caerulescens LC"
"Palm warbler, Setophaga palmarum LC"
"Pine warbler, Setophaga pinus LC"
"Yellow-rumped warbler, Setophaga coronata LC"
"Yellow-throated warbler, Setophaga dominica LC"
"Prairie warbler, Setophaga discolor LC"
"Adelaide's warbler, Setophaga adelaidae (Puerto Rico, U.S. Virgin Islands) (EP) LC"
"Grace's warbler, Setophaga graciae LC"
"Black-throated grey warbler, Setophaga nigrescens LC"
"Townsend's warbler, Setophaga townsendi LC"
"Hermit warbler, Setophaga occidentalis LC"
"Golden-cheeked warbler, Setophaga chrysoparia EN"
"Black-throated green warbler, Setophaga virens LC"
"Fan-tailed warbler, Basileuterus lachrymosus (C) LC"
"Rufous-capped warbler, Basileuterus rufifrons LC"
"Golden-crowned warbler, Basileuterus culicivorus (C) LC"
"Canada warbler, Cardellina canadensis LC"
"Wilson's warbler, Cardellina pusilla LC"
"Red-faced warbler, Cardellina rubrifrons LC"
"Painted redstart, Myioborus pictus LC"
"Slate-throated redstart, Myioborus miniatus (C) LC"
"Hepatic tanager, Piranga flava LC"
"Summer tanager, Piranga rubra LC"
"Scarlet tanager, Piranga olivacea LC"
"Western tanager, Piranga ludoviciana LC"
"Flame-colored tanager, Piranga bidentata LC"
"Crimson-collared grosbeak, Rhodothraupis celaeno (C) LC"
"Northern cardinal, Cardinalis cardinalis LC"
"Pyrrhuloxia, Cardinalis sinuatus LC"
"Yellow grosbeak, Pheucticus chrysopeplus (C) LC"
"Rose-breasted grosbeak, Pheucticus ludovicianus LC"
"Black-headed grosbeak, Pheucticus melanocephalus LC"
"Blue bunting, Cyanocompsa parellina (C) LC"
"Blue grosbeak, Passerina caerulea LC"
"Lazuli bunting, Passerina amoena LC"
"Indigo bunting, Passerina cyanea LC"
"Varied bunting, Passerina versicolor LC"
"Painted bunting, Passerina ciris LC"
"Dickcissel, Spiza americana LC"
"Red-crested cardinal, Paroaria coronata (I) LC"
"Yellow-billed cardinal, Paroaria capitata (I) LC"
"Saffron finch, Sicalis flaveola (I) LC"
"Red-legged honeycreeper, Cyanerpes cyaneus (A) LC"
"Bananaquit, Coereba flaveola (C) LC"
"Yellow-faced grassquit, Tiaris olivaceus (C) LC"
"Puerto Rican bullfinch, Melopyrrha portoricensis (Puerto Rico) (EP) LC"
"Lesser Antillean bullfinch, Loxigilla noctis (U.S. Virgin Islands) LC"
"Black-faced grassquit, Melanospiza bicolor (C) LC"
"Morelet's seedeater, Sporophila morelleti (Not yet assessed by the IUCN)"